discovered_at,block_time,transaction_signature,signer,method,mint_address,accounts_count,all_accounts
2025-06-05T19:06:24Z,2025-06-05T17:18:58Z,3XHQEhYCyjVnQu2UUz8BhzerQdTKrsoQXti3JmQQ3L5KMT4vNwmypt6m6tdm9BYU9XvKJV51LNaYrsTqAM5FHaTg,uUUy9mQo6znzZ6HgxnZKy2kBSNzgYbb4N2vnBRuBBmy,create,3uxEfV9mPRmhXZJmMzRWmoaGkHgGP5pHvJygcEaKpump,14,3uxEfV9mPRmhXZJmMzRWmoaGkHgGP5pHvJygcEaKpump(W)|TSLvdd1pWpHVjahSpsvCXUbgwsL3JAcvokwaKt1eokM(R)|AvSZo7azU9S3UP2P8vVhwYDeMibsq4BWNsihLhRDrhb5(W)|4iCqCkfontCsiyJTLX4EzHgrsjQPNjADNB72CK1SpnyD(W)|4wTV1YmiEkRvAtNtsSGPtUrqRYQMe5SKy2uB4Jjaxnjf(R)|metaqbxxUerdq28cj1RbAWkYQm3ybzjb6a8bt518x1s(R)|6iuXqtFeK5YvE5msPwpRtPDGy6WF6MnEDs7FwEKg6jq5(W)|uUUy9mQo6znzZ6HgxnZKy2kBSNzgYbb4N2vnBRuBBmy(W)|11111111111111111111111111111111(R)|TokenkegQfeZyiNwAJbNbGKPFXCWuBvf9Ss623VQ5DA(R)|ATokenGPvbdGVxr1b2hvZbsiqW5xWH25efTNsLJA8knL(R)|SysvarRent111111111111111111111111111111111(R)|Ce6TQqeHC9p8KetsN6JsjHK7UTZk7nasjjnr7XxXp9F1(R)|6EF8rrecthR5Dkzon8Nwu78hRvfCKubJ14M5uBEwF6P(R)
2025-06-05T19:07:52Z,2025-06-05T17:19:00Z,3vgX9UHFwpx7gon2GPnHb9iLaYCjL4shWspAmsN2bhvPr4jqKHapwK8YbxFaxqsSZzeD9zfS3QhvCoKjDXvvF1XR,JCFyt8arhYJTGSPWdPdRFXweprxSwjhsgd2nwxZzhYhw,create,96L1rqLUmT9LHXAorqpecGeNz9LGDfrxRfCRYovhMsXM,14,96L1rqLUmT9LHXAorqpecGeNz9LGDfrxRfCRYovhMsXM(W)|TSLvdd1pWpHVjahSpsvCXUbgwsL3JAcvokwaKt1eokM(R)|BxNX57BFs9mcwghxFfw7yzVPBgL7izfKaN3yHDQ4Uz3g(W)|HLRRsQmbsktN2GnY7QMoY5ezQ5V2mak6FzGPDAkRxJ5p(W)|4wTV1YmiEkRvAtNtsSGPtUrqRYQMe5SKy2uB4Jjaxnjf(R)|metaqbxxUerdq28cj1RbAWkYQm3ybzjb6a8bt518x1s(R)|62aceQTsXFnohzvRCU8dWCGYQXLH8SMV47XPddVHkSPf(W)|JCFyt8arhYJTGSPWdPdRFXweprxSwjhsgd2nwxZzhYhw(W)|11111111111111111111111111111111(R)|TokenkegQfeZyiNwAJbNbGKPFXCWuBvf9Ss623VQ5DA(W)|ATokenGPvbdGVxr1b2hvZbsiqW5xWH25efTNsLJA8knL(R)|SysvarRent111111111111111111111111111111111(R)|Ce6TQqeHC9p8KetsN6JsjHK7UTZk7nasjjnr7XxXp9F1(R)|6EF8rrecthR5Dkzon8Nwu78hRvfCKubJ14M5uBEwF6P(R)
2025-06-05T19:07:52Z,2025-06-05T17:19:00Z,5ki9C1Qedzy9LLR5FNSz9n6XtpkykxFwUrcHx8EJWuvYP9p4E9eznncCa5LY4iU7ARKuoDYpjSQMCLW16JwgdtQN,DR7ghPiRVBJ3YeP3FUJRuSa4XaWq4Pkw8ZM4JYs1PyJ9,create,HbsC3Gs237DXwP28bgtXdFfUrSYAYrZjnSE8TA7Xpump,14,HbsC3Gs237DXwP28bgtXdFfUrSYAYrZjnSE8TA7Xpump(W)|TSLvdd1pWpHVjahSpsvCXUbgwsL3JAcvokwaKt1eokM(R)|A9Ncep9f4N2WaXuYX3vdE3zfD5Lou8stueE8pCjmEpuf(W)|C3JFdam9u9XUcteAdFr587psU3RG345NTBQC72RNkSTM(W)|4wTV1YmiEkRvAtNtsSGPtUrqRYQMe5SKy2uB4Jjaxnjf(R)|metaqbxxUerdq28cj1RbAWkYQm3ybzjb6a8bt518x1s(R)|9kukfwrV9WNx7UvMEJkR3h2RYaUBoULkJs7QfMoHqJup(W)|DR7ghPiRVBJ3YeP3FUJRuSa4XaWq4Pkw8ZM4JYs1PyJ9(W)|11111111111111111111111111111111(R)|TokenkegQfeZyiNwAJbNbGKPFXCWuBvf9Ss623VQ5DA(R)|ATokenGPvbdGVxr1b2hvZbsiqW5xWH25efTNsLJA8knL(R)|SysvarRent111111111111111111111111111111111(R)|Ce6TQqeHC9p8KetsN6JsjHK7UTZk7nasjjnr7XxXp9F1(R)|6EF8rrecthR5Dkzon8Nwu78hRvfCKubJ14M5uBEwF6P(R)
2025-06-05T19:08:29Z,2025-06-05T17:19:01Z,4u2xc7ty4gPUZh25DnTBi1cLvEeuyjRgGTnuztSQmZt4XubD2y2Ha5MBuiXR1XGiuXRujQCQKe9S2ddaWQ1mecZE,Gmoo2tsEySCQUHxaoGsx7xGykx1wpwzTQSULTKWz8R9b,create,FsrZFo7CgYhEK2QjmotECtJ289XbYp3B1xJhf6cTpump,14,FsrZFo7CgYhEK2QjmotECtJ289XbYp3B1xJhf6cTpump(W)|TSLvdd1pWpHVjahSpsvCXUbgwsL3JAcvokwaKt1eokM(R)|BaG1ypGi17tMnUFP4DpApFPfWttqeUzJHwUA2k7kxf8o(W)|3dzgJyKUZddPekLjkEYNNP7TKxJCS6XSLNKff9DcNsq6(W)|4wTV1YmiEkRvAtNtsSGPtUrqRYQMe5SKy2uB4Jjaxnjf(R)|metaqbxxUerdq28cj1RbAWkYQm3ybzjb6a8bt518x1s(R)|7aaD2hTW52fPJsyHqYYcKq47qF2Rbq5pjfNRc4wrcHTz(W)|Gmoo2tsEySCQUHxaoGsx7xGykx1wpwzTQSULTKWz8R9b(W)|11111111111111111111111111111111(R)|TokenkegQfeZyiNwAJbNbGKPFXCWuBvf9Ss623VQ5DA(R)|ATokenGPvbdGVxr1b2hvZbsiqW5xWH25efTNsLJA8knL(R)|SysvarRent111111111111111111111111111111111(R)|Ce6TQqeHC9p8KetsN6JsjHK7UTZk7nasjjnr7XxXp9F1(R)|6EF8rrecthR5Dkzon8Nwu78hRvfCKubJ14M5uBEwF6P(R)
2025-06-05T19:13:00Z,2025-06-05T17:19:08Z,2qEoZa7BprxQ9bfT4RNNxz1JJ1BvFYysJR2yWLkBzerUBNByxY6gNZrvoxyZ5PoCiK4zM4NaUMR4C1BnXwkcCTJy,58uQcUznpk8DsJBMwWkFZPwhcR91nJw1ihyDiThEoLnF,create,GyiDXZswgzhChDKQKKCh4SobfayRtBStK4KK8yvPpump,14,GyiDXZswgzhChDKQKKCh4SobfayRtBStK4KK8yvPpump(W)|TSLvdd1pWpHVjahSpsvCXUbgwsL3JAcvokwaKt1eokM(R)|ECKEX44sYh7Y7mCroXC2Ds8VtZbCVK9v5PLADmygu35r(W)|7WHJzHfdqTEyeMB4gBUz96Gx8TL5ju5HBxXz8KXcWRgE(W)|4wTV1YmiEkRvAtNtsSGPtUrqRYQMe5SKy2uB4Jjaxnjf(R)|metaqbxxUerdq28cj1RbAWkYQm3ybzjb6a8bt518x1s(R)|3CFcZrdk2JCghAo6Q13BCFisXtjXh2aYhckLMwtHU24f(W)|58uQcUznpk8DsJBMwWkFZPwhcR91nJw1ihyDiThEoLnF(W)|11111111111111111111111111111111(R)|TokenkegQfeZyiNwAJbNbGKPFXCWuBvf9Ss623VQ5DA(R)|ATokenGPvbdGVxr1b2hvZbsiqW5xWH25efTNsLJA8knL(R)|SysvarRent111111111111111111111111111111111(R)|Ce6TQqeHC9p8KetsN6JsjHK7UTZk7nasjjnr7XxXp9F1(R)|6EF8rrecthR5Dkzon8Nwu78hRvfCKubJ14M5uBEwF6P(R)
2025-06-05T19:18:09Z,2025-06-05T17:19:16Z,5uSNnXvpJvJkEqnkhAm5x7igYrvGiiNfzJ45yz3YJwThWcM3L2jRj9Ka7qE1dKmAzx4ChAJvpbGT6VofWsUTP76d,5dPYQahCVmYm4GVw25wEKr1n1wqqdhhCjuAA4eKmf1em,create,DHhy4dH931quc7yUYKnWcr8mww71jUbZRpfMD56mpump,14,DHhy4dH931quc7yUYKnWcr8mww71jUbZRpfMD56mpump(W)|TSLvdd1pWpHVjahSpsvCXUbgwsL3JAcvokwaKt1eokM(R)|4mESSg5egNmSvBTSgtu5BUuqRDJeXsqSYPb2wRa3qq3v(W)|6ogw2siWjp8Hxs6hMc3S9TdTsrogtwoWh4EoL3PrbWPR(W)|4wTV1YmiEkRvAtNtsSGPtUrqRYQMe5SKy2uB4Jjaxnjf(R)|metaqbxxUerdq28cj1RbAWkYQm3ybzjb6a8bt518x1s(R)|2K5fE7RaaEHJWLRLYC5sfuEhKiSM4k3StofDr5uXp35L(W)|5dPYQahCVmYm4GVw25wEKr1n1wqqdhhCjuAA4eKmf1em(W)|11111111111111111111111111111111(R)|TokenkegQfeZyiNwAJbNbGKPFXCWuBvf9Ss623VQ5DA(R)|ATokenGPvbdGVxr1b2hvZbsiqW5xWH25efTNsLJA8knL(R)|SysvarRent111111111111111111111111111111111(R)|Ce6TQqeHC9p8KetsN6JsjHK7UTZk7nasjjnr7XxXp9F1(R)|6EF8rrecthR5Dkzon8Nwu78hRvfCKubJ14M5uBEwF6P(R)
2025-06-05T19:20:03Z,2025-06-05T17:19:20Z,5AngXfnBvWPStM1q8JE4PkBGeeu63yCtPjxTUrRoRVxuqFN9NGbYPim4JhwC4qcL3srQuHXJh1f2rQr9pkvrKQVn,3DwMwwjL7zzFKyJ1aaMwij9Nr1iA7JfSiZWD9Yn4U1Kf,create,7JrXTNRtUuVqB2c8JK9Knfbmb96euQ8PdguF3J5BEkv5,14,7JrXTNRtUuVqB2c8JK9Knfbmb96euQ8PdguF3J5BEkv5(W)|TSLvdd1pWpHVjahSpsvCXUbgwsL3JAcvokwaKt1eokM(W)|ABHqYuBG2rXpJ5hX8HaPbbeVSs4DysVieTwmUTEKTsU(W)|ZFSFjtyNXhoHoWFsR5hAsEWsvNeyy9ENtUYcEAeVuH7(W)|4wTV1YmiEkRvAtNtsSGPtUrqRYQMe5SKy2uB4Jjaxnjf(R)|metaqbxxUerdq28cj1RbAWkYQm3ybzjb6a8bt518x1s(R)|DMW6QR5ioJMig9kBSyoXDmfk2bBtEy224MrA3qPiDVJC(W)|3DwMwwjL7zzFKyJ1aaMwij9Nr1iA7JfSiZWD9Yn4U1Kf(W)|11111111111111111111111111111111(R)|TokenkegQfeZyiNwAJbNbGKPFXCWuBvf9Ss623VQ5DA(R)|ATokenGPvbdGVxr1b2hvZbsiqW5xWH25efTNsLJA8knL(R)|SysvarRent111111111111111111111111111111111(R)|Ce6TQqeHC9p8KetsN6JsjHK7UTZk7nasjjnr7XxXp9F1(R)|6EF8rrecthR5Dkzon8Nwu78hRvfCKubJ14M5uBEwF6P(R)
2025-06-05T19:24:37Z,2025-06-05T17:19:27Z,5UtdBV178oMqUhC4EczoqeviFvGMcBPiHiaB1yZgMHNyijsmTno9BwH9ktHy3o4tsigZEiGBBssqZh3vSTUFC2Qx,5S9qzJhSooakBaA9qZT6vWtoSy8FvyfxJ4t1vXvEK9G7,create,4VZgLUwE2zftWjwrwZL8YHzJrvQJZcDBWwPYVfFgpump,14,4VZgLUwE2zftWjwrwZL8YHzJrvQJZcDBWwPYVfFgpump(W)|TSLvdd1pWpHVjahSpsvCXUbgwsL3JAcvokwaKt1eokM(R)|9NZypKngyiXGy7zWQZV51bHsVFi8Gm2yvirSGDsdKtMr(W)|AeoqXxehLXSDqx7PK75sv2G14PEK5PaFw7k7bcoHnVig(W)|4wTV1YmiEkRvAtNtsSGPtUrqRYQMe5SKy2uB4Jjaxnjf(R)|metaqbxxUerdq28cj1RbAWkYQm3ybzjb6a8bt518x1s(R)|DUQG5TyY4tSm9rqn1NTkBvSsXDEiAxJcyYyazMp4NGUi(W)|5S9qzJhSooakBaA9qZT6vWtoSy8FvyfxJ4t1vXvEK9G7(W)|11111111111111111111111111111111(R)|TokenkegQfeZyiNwAJbNbGKPFXCWuBvf9Ss623VQ5DA(R)|ATokenGPvbdGVxr1b2hvZbsiqW5xWH25efTNsLJA8knL(R)|SysvarRent111111111111111111111111111111111(R)|Ce6TQqeHC9p8KetsN6JsjHK7UTZk7nasjjnr7XxXp9F1(R)|6EF8rrecthR5Dkzon8Nwu78hRvfCKubJ14M5uBEwF6P(R)
2025-06-05T19:27:13Z,2025-06-05T17:19:31Z,4nptawGg1SXNc9cUE3ryJWNTzA4LxHqPt51BNcjchD1EjFw6jzNgbxgmx4DxHeEbzHAiWnoBEfF6M2yJgf4vMYsD,sga2qbvaDUMFK2Sb4usjQtSyXwCVb1VUrdFGzYhv1M1,create,5yLYzekYrWxXtEkM6e4eQnX7vq9Yh6uH2zekVZrKpump,14,5yLYzekYrWxXtEkM6e4eQnX7vq9Yh6uH2zekVZrKpump(W)|TSLvdd1pWpHVjahSpsvCXUbgwsL3JAcvokwaKt1eokM(R)|6RW5bcywGnbrK2TVFFw1N1bnrVyVnVw1rHqTFdFBeUAu(W)|GtSRoNnjPJenam5M4uBUAw5VbW6JPtgrMoXqPaFUAcP1(W)|4wTV1YmiEkRvAtNtsSGPtUrqRYQMe5SKy2uB4Jjaxnjf(R)|metaqbxxUerdq28cj1RbAWkYQm3ybzjb6a8bt518x1s(R)|kyXMj336ftUKsjhedyfJP4dGzybMUHHweqVvZXmDWA6(W)|sga2qbvaDUMFK2Sb4usjQtSyXwCVb1VUrdFGzYhv1M1(W)|11111111111111111111111111111111(R)|TokenkegQfeZyiNwAJbNbGKPFXCWuBvf9Ss623VQ5DA(R)|ATokenGPvbdGVxr1b2hvZbsiqW5xWH25efTNsLJA8knL(R)|SysvarRent111111111111111111111111111111111(R)|Ce6TQqeHC9p8KetsN6JsjHK7UTZk7nasjjnr7XxXp9F1(R)|6EF8rrecthR5Dkzon8Nwu78hRvfCKubJ14M5uBEwF6P(R)
2025-06-05T19:28:31Z,2025-06-05T17:19:33Z,4VmNMim2yq1FtV5KsmmjBxVV8sGhmaacRupYn16voscE1c224KHgsRwwkJVqkVkT6gaUMEwno7RzVeJkPCVXvfhr,BbpN8toDdU4kYoSdaEykZoUjUsotHLFSoWp2Y8KvRGNN,create,7vKSpkdEMs8ZmA6dLTSifxHSPqytJcRmxPqhXUVLpump,14,7vKSpkdEMs8ZmA6dLTSifxHSPqytJcRmxPqhXUVLpump(W)|TSLvdd1pWpHVjahSpsvCXUbgwsL3JAcvokwaKt1eokM(R)|CBUg9YjXa6oo2VccepjjJ7JsYp46F3QpwKhhdZVQfZAt(W)|7ohHPC6JwYe7BuZijW1k7m6eZ5CZ38GAHCJL7Rdihxrw(W)|4wTV1YmiEkRvAtNtsSGPtUrqRYQMe5SKy2uB4Jjaxnjf(R)|metaqbxxUerdq28cj1RbAWkYQm3ybzjb6a8bt518x1s(R)|Cgq6MspDVGQFWuytG7Ly4vWuXzVvUzAVSS7q7gmfi8Yq(W)|BbpN8toDdU4kYoSdaEykZoUjUsotHLFSoWp2Y8KvRGNN(W)|11111111111111111111111111111111(R)|TokenkegQfeZyiNwAJbNbGKPFXCWuBvf9Ss623VQ5DA(R)|ATokenGPvbdGVxr1b2hvZbsiqW5xWH25efTNsLJA8knL(R)|SysvarRent111111111111111111111111111111111(R)|Ce6TQqeHC9p8KetsN6JsjHK7UTZk7nasjjnr7XxXp9F1(R)|6EF8rrecthR5Dkzon8Nwu78hRvfCKubJ14M5uBEwF6P(R)
2025-06-05T19:29:11Z,2025-06-05T17:19:34Z,4y2t5pZEyS8FA5g4kpQefDr6NMAsvQ7DzH4PC7Vpng2MRS2A4vpv5w2qUkspaMoKNW7pzP4SqXWG4BaJW6CL8rhj,6WH6Uchs91V5piYorcvhtv76MGnovcbXF5xALmqh9fXa,create,8gHYmcbM4KZBGFmR6i6Jgi9uUg3wmZStaSx9LcCSpump,14,8gHYmcbM4KZBGFmR6i6Jgi9uUg3wmZStaSx9LcCSpump(W)|TSLvdd1pWpHVjahSpsvCXUbgwsL3JAcvokwaKt1eokM(R)|FVQB48ENKsCCc2L3XgRXa6gjto3eb91x8wDwNU14rLHF(W)|6eaD24arSzbnTduLKk7Xt5qvbsnCAg1WXmXbVsZt82mW(W)|4wTV1YmiEkRvAtNtsSGPtUrqRYQMe5SKy2uB4Jjaxnjf(R)|metaqbxxUerdq28cj1RbAWkYQm3ybzjb6a8bt518x1s(R)|6xu8ZSsAeaYivFemPcmaXMUtseid4SmjR3KqHqTVcAY6(W)|6WH6Uchs91V5piYorcvhtv76MGnovcbXF5xALmqh9fXa(W)|11111111111111111111111111111111(R)|TokenkegQfeZyiNwAJbNbGKPFXCWuBvf9Ss623VQ5DA(R)|ATokenGPvbdGVxr1b2hvZbsiqW5xWH25efTNsLJA8knL(R)|SysvarRent111111111111111111111111111111111(R)|Ce6TQqeHC9p8KetsN6JsjHK7UTZk7nasjjnr7XxXp9F1(R)|6EF8rrecthR5Dkzon8Nwu78hRvfCKubJ14M5uBEwF6P(R)
2025-06-05T19:33:48Z,2025-06-05T17:19:41Z,2awFovyQy8AogarNWMqMHKZrxDjZTtGkYUrfSgoDdkSNWsGEKPdFHhJaZKpbnrbV8TBaVsKJt1jWBWXYW4C9sYw7,8uWXcvQ3uCQ3WYwNy7M6pzMsQ85ZkYRkGDkEaisx5TNG,create,FvHZosxaQWPq7rdW8FMejpEUNBWuoy3yGdtAyi2ZbpEP,14,FvHZosxaQWPq7rdW8FMejpEUNBWuoy3yGdtAyi2ZbpEP(W)|TSLvdd1pWpHVjahSpsvCXUbgwsL3JAcvokwaKt1eokM(R)|CJATLsp6UPc3XVhTwRoHuaQp3WVHjTCTMGsMF51CFC4a(W)|DwqtMFqhnRu3N6BxSwcz8nazXaf5oTTtTqcVVEKQGbHh(W)|4wTV1YmiEkRvAtNtsSGPtUrqRYQMe5SKy2uB4Jjaxnjf(R)|metaqbxxUerdq28cj1RbAWkYQm3ybzjb6a8bt518x1s(R)|GLrRDnwaAbTyM2bsbiRf9uGbuVAWGVSbnp3XDEVr87m(W)|8uWXcvQ3uCQ3WYwNy7M6pzMsQ85ZkYRkGDkEaisx5TNG(W)|11111111111111111111111111111111(R)|TokenkegQfeZyiNwAJbNbGKPFXCWuBvf9Ss623VQ5DA(W)|ATokenGPvbdGVxr1b2hvZbsiqW5xWH25efTNsLJA8knL(R)|SysvarRent111111111111111111111111111111111(R)|Ce6TQqeHC9p8KetsN6JsjHK7UTZk7nasjjnr7XxXp9F1(R)|6EF8rrecthR5Dkzon8Nwu78hRvfCKubJ14M5uBEwF6P(R)
2025-06-05T19:36:27Z,2025-06-05T17:19:45Z,4u6HJzFC4QP93kajiofN4msAcjWkqCysoJq6P6QZS8mtYQMxYR9fXb9bYq7ZcyxTkQsniC7dVUHyTdXpiMbvTeS4,GxpGxKiuFaTkjrmRsoinhS6nKuG8pMH1ZHEVXPPupSyu,create,ArJj5BxGx8ndDWctRrN2pNJ3vScm6fwXFPfm4bvSpump,14,ArJj5BxGx8ndDWctRrN2pNJ3vScm6fwXFPfm4bvSpump(W)|TSLvdd1pWpHVjahSpsvCXUbgwsL3JAcvokwaKt1eokM(R)|AVJthryVip26dzV55UEkB4ujc5hHycWRark4bkcWTdho(W)|AchxUY8M9btGVwDjeTgGG11MtyT3oDGcDVEMqZc56c5H(W)|4wTV1YmiEkRvAtNtsSGPtUrqRYQMe5SKy2uB4Jjaxnjf(R)|metaqbxxUerdq28cj1RbAWkYQm3ybzjb6a8bt518x1s(R)|8GvDvUsGoW2jUTwNRQTRdU3XafrzdQh7VmLXpgNuhD5d(W)|GxpGxKiuFaTkjrmRsoinhS6nKuG8pMH1ZHEVXPPupSyu(W)|11111111111111111111111111111111(R)|TokenkegQfeZyiNwAJbNbGKPFXCWuBvf9Ss623VQ5DA(R)|ATokenGPvbdGVxr1b2hvZbsiqW5xWH25efTNsLJA8knL(R)|SysvarRent111111111111111111111111111111111(R)|Ce6TQqeHC9p8KetsN6JsjHK7UTZk7nasjjnr7XxXp9F1(R)|6EF8rrecthR5Dkzon8Nwu78hRvfCKubJ14M5uBEwF6P(R)
2025-06-05T19:41:32Z,2025-06-05T17:19:52Z,2G52rC2qJ4G5jUYuEzgVkk4wWmQz3HyZ3bRYYbPqz1tVxpnSW8Q3CSCBhwHEn1Ttbp6gRzujVqpDrZXRT1NBWQsj,2sHDY6xdZbHtPRV19t9YfTtoBTwFTGJb7iyutJ5SzSFW,create,54ECq5ZpPXyvbFCP2tUCBy1AxQMeoqJbDcsasg5opump,14,54ECq5ZpPXyvbFCP2tUCBy1AxQMeoqJbDcsasg5opump(W)|TSLvdd1pWpHVjahSpsvCXUbgwsL3JAcvokwaKt1eokM(R)|4WeY2TjKrUKVrFVRtrYPQbpuKky6YreAdYuG3VALjwU8(W)|CvgSGnvyELN3LDGkP7iesQw5KGBGgknuUHqAAHnQA4hz(W)|4wTV1YmiEkRvAtNtsSGPtUrqRYQMe5SKy2uB4Jjaxnjf(R)|metaqbxxUerdq28cj1RbAWkYQm3ybzjb6a8bt518x1s(R)|67kYooAkpvZcTrVp3EuJ4Hk8Gz6TkVPLF7MuCpd5Y1KP(W)|2sHDY6xdZbHtPRV19t9YfTtoBTwFTGJb7iyutJ5SzSFW(W)|11111111111111111111111111111111(R)|TokenkegQfeZyiNwAJbNbGKPFXCWuBvf9Ss623VQ5DA(R)|ATokenGPvbdGVxr1b2hvZbsiqW5xWH25efTNsLJA8knL(R)|SysvarRent111111111111111111111111111111111(R)|Ce6TQqeHC9p8KetsN6JsjHK7UTZk7nasjjnr7XxXp9F1(R)|6EF8rrecthR5Dkzon8Nwu78hRvfCKubJ14M5uBEwF6P(R)
2025-06-05T19:42:54Z,2025-06-05T17:19:54Z,5v7RXFtkcGhSVqmQtKd2N29yEywrqSEW7Xsz5C1fmvk7hUN485VjAfQ3n4Cv5b4DCYAGuHxAzPZoVJHSxH6K8jFV,6y8KQ1Zt4p61ckanRci5PUmwvNovHvoKV8jM7Lr1uBu5,create,DcfqrgbLoG8CwewSUoNY6WmfpXb2yP1pSB3j6dDUpump,14,DcfqrgbLoG8CwewSUoNY6WmfpXb2yP1pSB3j6dDUpump(W)|TSLvdd1pWpHVjahSpsvCXUbgwsL3JAcvokwaKt1eokM(R)|9XN3YKbaMfU5t5ASLrUnCmVvTYrNomYdD6KabZzNYaq2(W)|7WTaBWDnuLpucFNgQtVA8kQhEVeLqaUa7XupHpQoDPvG(W)|4wTV1YmiEkRvAtNtsSGPtUrqRYQMe5SKy2uB4Jjaxnjf(R)|metaqbxxUerdq28cj1RbAWkYQm3ybzjb6a8bt518x1s(R)|BYv9HUshksRHh6Sn8qmJYCzUGvs5BJPAQNboybE4CSGg(W)|6y8KQ1Zt4p61ckanRci5PUmwvNovHvoKV8jM7Lr1uBu5(W)|11111111111111111111111111111111(R)|TokenkegQfeZyiNwAJbNbGKPFXCWuBvf9Ss623VQ5DA(R)|ATokenGPvbdGVxr1b2hvZbsiqW5xWH25efTNsLJA8knL(R)|SysvarRent111111111111111111111111111111111(R)|Ce6TQqeHC9p8KetsN6JsjHK7UTZk7nasjjnr7XxXp9F1(R)|6EF8rrecthR5Dkzon8Nwu78hRvfCKubJ14M5uBEwF6P(R)
2025-06-05T19:46:15Z,2025-06-05T17:19:59Z,3hiXN1HdvPvoxFqXHt2Hcem97uqWjjnzDAKWTfVontisSED36hjE3VF151YsxWLZ9bKtKkPyRSu83LJg29SdJftL,DR7ghPiRVBJ3YeP3FUJRuSa4XaWq4Pkw8ZM4JYs1PyJ9,create,89GBcUFMHPrGszebcQKLGmVD9xhFUzT4vBH1iGZEpump,14,89GBcUFMHPrGszebcQKLGmVD9xhFUzT4vBH1iGZEpump(W)|TSLvdd1pWpHVjahSpsvCXUbgwsL3JAcvokwaKt1eokM(R)|5rNdvMJCbNZhXrfRZRiKbRwkNbyh5uzRqarC5TbaJgJV(W)|DsgvF7E4tzc4qJZ6PaNN6EZVQbrWdUo3ktF6AE9Cugct(W)|4wTV1YmiEkRvAtNtsSGPtUrqRYQMe5SKy2uB4Jjaxnjf(R)|metaqbxxUerdq28cj1RbAWkYQm3ybzjb6a8bt518x1s(R)|D7UHSL9YCZxZnmGF9SX5ANfVphe92r74QpdVqDNiFe52(W)|DR7ghPiRVBJ3YeP3FUJRuSa4XaWq4Pkw8ZM4JYs1PyJ9(W)|11111111111111111111111111111111(R)|TokenkegQfeZyiNwAJbNbGKPFXCWuBvf9Ss623VQ5DA(R)|ATokenGPvbdGVxr1b2hvZbsiqW5xWH25efTNsLJA8knL(R)|SysvarRent111111111111111111111111111111111(R)|Ce6TQqeHC9p8KetsN6JsjHK7UTZk7nasjjnr7XxXp9F1(R)|6EF8rrecthR5Dkzon8Nwu78hRvfCKubJ14M5uBEwF6P(R)
2025-06-05T19:46:55Z,2025-06-05T17:20:00Z,3kApC4XbQa1b5FXaURpznoCJVBUDrzYqpxGqDnbfvKPk4SfgJKEgtgJHCJks9QSwnqRsvgGhpn9G5L2y6f7pu2zk,J5qW2txLgVgpm5jf1Mcr3h5MsRcdULVoAGTPi9bniQoe,create,Fz2VUyutfnG5uqqDNg5mFy8Bd4ic7Xqeqyb4VhCC6EWB,14,Fz2VUyutfnG5uqqDNg5mFy8Bd4ic7Xqeqyb4VhCC6EWB(W)|TSLvdd1pWpHVjahSpsvCXUbgwsL3JAcvokwaKt1eokM(R)|ATLBeSPfqh7DNrKRUiTYm8pxF31nu8D7NAHoS8a9ovZf(W)|3wwa2ZqcasawYvq4SRNSBuD7fmzfj789tN7Pu6qe834E(W)|4wTV1YmiEkRvAtNtsSGPtUrqRYQMe5SKy2uB4Jjaxnjf(R)|metaqbxxUerdq28cj1RbAWkYQm3ybzjb6a8bt518x1s(R)|Bzxr7p4azxJ6u6VP2xiMQfd2sS8rau1HFZzvoFXraPqE(W)|J5qW2txLgVgpm5jf1Mcr3h5MsRcdULVoAGTPi9bniQoe(W)|11111111111111111111111111111111(R)|TokenkegQfeZyiNwAJbNbGKPFXCWuBvf9Ss623VQ5DA(W)|ATokenGPvbdGVxr1b2hvZbsiqW5xWH25efTNsLJA8knL(R)|SysvarRent111111111111111111111111111111111(R)|Ce6TQqeHC9p8KetsN6JsjHK7UTZk7nasjjnr7XxXp9F1(R)|6EF8rrecthR5Dkzon8Nwu78hRvfCKubJ14M5uBEwF6P(R)
2025-06-05T19:52:15Z,2025-06-05T17:20:08Z,5v9Lz51Lao2C6pCGCLuNPKikGAchtNTZPfv3YKsRzgfjiAtgyPnX2WeBJPSarD6QMLtcEAtjaFbNxWkkDKbme5d5,5hNZmis1Pr7zZLm1Yg8Wv13NywdGTriNXAQ4eGXCXtpv,create,6UzZWvby7ozXU3hGFnucuQgp9UN2Z5h8jutZLK6Qpump,14,6UzZWvby7ozXU3hGFnucuQgp9UN2Z5h8jutZLK6Qpump(W)|TSLvdd1pWpHVjahSpsvCXUbgwsL3JAcvokwaKt1eokM(R)|ASzU7Phur3PiyiuszAUcCBfCczGFL63aevm1SsTVusqe(W)|5etY7w5Xbmcxwcz6opL3YokTiSsCXkr38ZHGabbW3yMx(W)|4wTV1YmiEkRvAtNtsSGPtUrqRYQMe5SKy2uB4Jjaxnjf(R)|metaqbxxUerdq28cj1RbAWkYQm3ybzjb6a8bt518x1s(R)|9qe7v7eJDDdTMst9vTwekyW2ajJZgAsyZtoTQUVAv3P2(W)|5hNZmis1Pr7zZLm1Yg8Wv13NywdGTriNXAQ4eGXCXtpv(W)|11111111111111111111111111111111(R)|TokenkegQfeZyiNwAJbNbGKPFXCWuBvf9Ss623VQ5DA(R)|ATokenGPvbdGVxr1b2hvZbsiqW5xWH25efTNsLJA8knL(R)|SysvarRent111111111111111111111111111111111(R)|Ce6TQqeHC9p8KetsN6JsjHK7UTZk7nasjjnr7XxXp9F1(R)|6EF8rrecthR5Dkzon8Nwu78hRvfCKubJ14M5uBEwF6P(R)
2025-06-05T19:52:55Z,2025-06-05T17:20:09Z,jGAvbskTasXW37qxmZGuRSN2djhgVCk3AYSPYXG8M6i2iPhz7hjadFYnqgo1N9R4aAexEaKyVJ246W7bv4Nv6WD,o1TQP8znRaiWphNyhanUgB3zHNLFCkwfMHK3MwsNQUJ,create,7j9wfJNHkt61jdp9jmx8ttoX6ZA3szDiLgVnx5pwpump,14,7j9wfJNHkt61jdp9jmx8ttoX6ZA3szDiLgVnx5pwpump(W)|TSLvdd1pWpHVjahSpsvCXUbgwsL3JAcvokwaKt1eokM(R)|3yxXKaSwD9s5FR1LoDkNzWSTEEfVTJR9ANJ61PrM6WiY(W)|2xUqFPxaNsDghGGeH1zXdvwo77TFuS3aoosZPHXe7tMg(W)|4wTV1YmiEkRvAtNtsSGPtUrqRYQMe5SKy2uB4Jjaxnjf(R)|metaqbxxUerdq28cj1RbAWkYQm3ybzjb6a8bt518x1s(R)|EBjcFWdxxN4r7bP4oZPV6vegefLbgJbQkkGPBnWBBbMA(W)|o1TQP8znRaiWphNyhanUgB3zHNLFCkwfMHK3MwsNQUJ(W)|11111111111111111111111111111111(R)|TokenkegQfeZyiNwAJbNbGKPFXCWuBvf9Ss623VQ5DA(R)|ATokenGPvbdGVxr1b2hvZbsiqW5xWH25efTNsLJA8knL(R)|SysvarRent111111111111111111111111111111111(R)|Ce6TQqeHC9p8KetsN6JsjHK7UTZk7nasjjnr7XxXp9F1(R)|6EF8rrecthR5Dkzon8Nwu78hRvfCKubJ14M5uBEwF6P(R)
2025-06-05T19:55:35Z,2025-06-05T17:20:13Z,2jbQvU1pRkRDgezebrVq5RbRMQFakNXYgQHz5Mjx1Dr2b4xKi7pAXffNAnuTCH5pYM2NuX7PEcJ79c9V8J45HT15,HjkS4FsrbWhEzzdchiv8k9fngezc3u6dA64CXcMsvVnW,create,3yxCycrXwBcdtJuuW2mqfAu4sHmSkN4hd1ChM2bWpump,14,3yxCycrXwBcdtJuuW2mqfAu4sHmSkN4hd1ChM2bWpump(W)|TSLvdd1pWpHVjahSpsvCXUbgwsL3JAcvokwaKt1eokM(R)|qsVaFR9wNsfDgwo8bmFw5y1bpRW6PDsfFPsHJdnzy1e(W)|59SE5XVEcn1aToCtCGaeM567t5yUBEdjrbpBxr83Q3F4(W)|4wTV1YmiEkRvAtNtsSGPtUrqRYQMe5SKy2uB4Jjaxnjf(R)|metaqbxxUerdq28cj1RbAWkYQm3ybzjb6a8bt518x1s(R)|5WvsxfngE483KzwTTVkQ9wsRs9F3tz67hF7PoSapNwA7(W)|HjkS4FsrbWhEzzdchiv8k9fngezc3u6dA64CXcMsvVnW(W)|11111111111111111111111111111111(R)|TokenkegQfeZyiNwAJbNbGKPFXCWuBvf9Ss623VQ5DA(R)|ATokenGPvbdGVxr1b2hvZbsiqW5xWH25efTNsLJA8knL(R)|SysvarRent111111111111111111111111111111111(R)|Ce6TQqeHC9p8KetsN6JsjHK7UTZk7nasjjnr7XxXp9F1(R)|6EF8rrecthR5Dkzon8Nwu78hRvfCKubJ14M5uBEwF6P(R)
2025-06-05T19:56:59Z,2025-06-05T17:20:16Z,46p72mBeHmqrK9rnWbRKm48z35w9x1aiQsatuf5p5XczDArfQZdrSdR1e3kUtZoYkRNmekSdL4gvX6pZEkg792o,HQHcqgwCNVeNb1nW9AX4ceWDKStveZ6oFE7XdbQsCWtt,create,4LNHxFmaDbn6u3CbqNKucZRngiqux83ZLRrDw2Qjpump,14,4LNHxFmaDbn6u3CbqNKucZRngiqux83ZLRrDw2Qjpump(W)|TSLvdd1pWpHVjahSpsvCXUbgwsL3JAcvokwaKt1eokM(R)|437N9PugSMopbjMfbHshn8LgRWCimydqf39tf5rvTuUf(W)|E9xLdiZsqWMq5cpJTD39ThP65jxPRxYYkXsP1EajzEmQ(W)|4wTV1YmiEkRvAtNtsSGPtUrqRYQMe5SKy2uB4Jjaxnjf(R)|metaqbxxUerdq28cj1RbAWkYQm3ybzjb6a8bt518x1s(R)|CE8gEVrgEJMra4b3uoe3CVY4fnRUCHqS9ieU7tKQaeMq(W)|HQHcqgwCNVeNb1nW9AX4ceWDKStveZ6oFE7XdbQsCWtt(W)|11111111111111111111111111111111(R)|TokenkegQfeZyiNwAJbNbGKPFXCWuBvf9Ss623VQ5DA(R)|ATokenGPvbdGVxr1b2hvZbsiqW5xWH25efTNsLJA8knL(R)|SysvarRent111111111111111111111111111111111(R)|Ce6TQqeHC9p8KetsN6JsjHK7UTZk7nasjjnr7XxXp9F1(R)|6EF8rrecthR5Dkzon8Nwu78hRvfCKubJ14M5uBEwF6P(R)
2025-06-05T19:59:01Z,2025-06-05T17:20:19Z,33gVCykyZmEc9twACChDpQsFa8pf7nzEEPGqsz8enu8pswMwvFJaAeYvwBkU9yr7CC4dCqFdGiQZ5NUCx8MmTYhF,EvavJJcUyzQ4W89GQaxHdjBgKsJVB9qMEVLDPcd6qdnw,create,8CsU1CGkG5FmTpJhWuFAFkkL62BCtMxssYcjFE1ipump,14,8CsU1CGkG5FmTpJhWuFAFkkL62BCtMxssYcjFE1ipump(W)|TSLvdd1pWpHVjahSpsvCXUbgwsL3JAcvokwaKt1eokM(R)|CjbD6B1aaHspDJjc3tRy4KZ8mhCu1gK56MZS1FwiG56Y(W)|3y59L1u3xYN9WdkWY36ZvJmNUcSd37Qbfdj37amjpdBk(W)|4wTV1YmiEkRvAtNtsSGPtUrqRYQMe5SKy2uB4Jjaxnjf(R)|metaqbxxUerdq28cj1RbAWkYQm3ybzjb6a8bt518x1s(R)|DQrpsPPYjSzMQR9XtYAg6XhZ8bKHD2ew1uGHp78QVpji(W)|EvavJJcUyzQ4W89GQaxHdjBgKsJVB9qMEVLDPcd6qdnw(W)|11111111111111111111111111111111(R)|TokenkegQfeZyiNwAJbNbGKPFXCWuBvf9Ss623VQ5DA(R)|ATokenGPvbdGVxr1b2hvZbsiqW5xWH25efTNsLJA8knL(R)|SysvarRent111111111111111111111111111111111(R)|Ce6TQqeHC9p8KetsN6JsjHK7UTZk7nasjjnr7XxXp9F1(R)|6EF8rrecthR5Dkzon8Nwu78hRvfCKubJ14M5uBEwF6P(R)
2025-06-05T20:01:01Z,2025-06-05T17:20:22Z,5tmhP4yF19QDDe3pmWvCckddXGJWd1GZKyMxxsGU1TnMPy1vLW5sCupinsPQZVUUoxoNZJ5uTgGCwNHHXPJhZMtB,3gQHorW8wp3tEB5seaLtmxSJ9J8VRmNcocLBZX3YZ7tE,create,7R6w94eNu2hH4RVZ8xVMyZ3qmTzCSocsFYqUiLoApump,14,7R6w94eNu2hH4RVZ8xVMyZ3qmTzCSocsFYqUiLoApump(W)|TSLvdd1pWpHVjahSpsvCXUbgwsL3JAcvokwaKt1eokM(R)|5qYKvEoULKUhQjWtRfUi9YS2VwF1F1xAwudFJqGtuPMm(W)|GF1QonTGCcnyZwTG5PiSfJ2iwcaDRvFapqBLJcJp7KZz(W)|4wTV1YmiEkRvAtNtsSGPtUrqRYQMe5SKy2uB4Jjaxnjf(R)|metaqbxxUerdq28cj1RbAWkYQm3ybzjb6a8bt518x1s(R)|FA93wDu2ybe3YNdbrv974Ahb2NwwHLKDXNoYRMePvqzT(W)|3gQHorW8wp3tEB5seaLtmxSJ9J8VRmNcocLBZX3YZ7tE(W)|11111111111111111111111111111111(R)|TokenkegQfeZyiNwAJbNbGKPFXCWuBvf9Ss623VQ5DA(R)|ATokenGPvbdGVxr1b2hvZbsiqW5xWH25efTNsLJA8knL(R)|SysvarRent111111111111111111111111111111111(R)|Ce6TQqeHC9p8KetsN6JsjHK7UTZk7nasjjnr7XxXp9F1(R)|6EF8rrecthR5Dkzon8Nwu78hRvfCKubJ14M5uBEwF6P(R)
2025-06-05T20:03:06Z,2025-06-05T17:20:25Z,AzvfoZBek3wmMn9uCrc4fKr7CNvCpZJeJ5e9tanxVLoNCQpbpEHM8UrwfUcP1D8x1nUKP2wcqesNyQJzQqrSAxP,6XtNcYMVSdaFeKF5ST69ah5rvwk414jWgPRLRg7bQWen,create,9zt2uUbAyyMiYFMEyoRkgdGCMgeFyu1qeT9oBxCrpump,14,9zt2uUbAyyMiYFMEyoRkgdGCMgeFyu1qeT9oBxCrpump(W)|TSLvdd1pWpHVjahSpsvCXUbgwsL3JAcvokwaKt1eokM(R)|8vUNrz7D9KzpdwABrf8UYgWgEoPJmiwB32XjczzDkyDe(W)|DBDqkZYTE8me1BZKFPbWzM2BRMyuy67Qk8RLCfiHUUyb(W)|4wTV1YmiEkRvAtNtsSGPtUrqRYQMe5SKy2uB4Jjaxnjf(R)|metaqbxxUerdq28cj1RbAWkYQm3ybzjb6a8bt518x1s(R)|BN5MXAZ3pm5qjn4dU4tV4cmK3Jb7aZ5yzQ1h98QXHDFE(W)|6XtNcYMVSdaFeKF5ST69ah5rvwk414jWgPRLRg7bQWen(W)|11111111111111111111111111111111(R)|TokenkegQfeZyiNwAJbNbGKPFXCWuBvf9Ss623VQ5DA(R)|ATokenGPvbdGVxr1b2hvZbsiqW5xWH25efTNsLJA8knL(R)|SysvarRent111111111111111111111111111111111(R)|Ce6TQqeHC9p8KetsN6JsjHK7UTZk7nasjjnr7XxXp9F1(R)|6EF8rrecthR5Dkzon8Nwu78hRvfCKubJ14M5uBEwF6P(R)
2025-06-05T20:06:27Z,2025-06-05T17:20:31Z,5XMTqGv4uhbRDHBkakSnm6kFJKuGzxLU6DsuPbrDPAJ7HgHjgp43gEfgj62sVE1sLCVzXNKpFEQT9d1cgLieEeRf,J5hpdAXsV1oHkbmo3UAEY21Zno5GozF94fAsfZmDKb42,create,49X4Cg8txvxyCk4XFiBhZRMXwAPSMY6bCDVWFD3vVi1M,14,49X4Cg8txvxyCk4XFiBhZRMXwAPSMY6bCDVWFD3vVi1M(W)|TSLvdd1pWpHVjahSpsvCXUbgwsL3JAcvokwaKt1eokM(R)|3y637RbxxrFR15QWPtpXjXLm12NTAr2poZdPRqkgvJfq(W)|AJnVtbNSWeKEQtdMHJzYnJKbtp6t1b2rzvqiAuftc74V(W)|4wTV1YmiEkRvAtNtsSGPtUrqRYQMe5SKy2uB4Jjaxnjf(R)|metaqbxxUerdq28cj1RbAWkYQm3ybzjb6a8bt518x1s(R)|4YJpaWYwsis6nVx4rSM6hDudTuCj6XAzCFLQLgmQ75kd(W)|J5hpdAXsV1oHkbmo3UAEY21Zno5GozF94fAsfZmDKb42(W)|11111111111111111111111111111111(R)|TokenkegQfeZyiNwAJbNbGKPFXCWuBvf9Ss623VQ5DA(W)|ATokenGPvbdGVxr1b2hvZbsiqW5xWH25efTNsLJA8knL(R)|SysvarRent111111111111111111111111111111111(R)|Ce6TQqeHC9p8KetsN6JsjHK7UTZk7nasjjnr7XxXp9F1(R)|6EF8rrecthR5Dkzon8Nwu78hRvfCKubJ14M5uBEwF6P(R)
2025-06-05T20:07:08Z,2025-06-05T17:20:32Z,5KHuRK22Nf1T2vuzcp4NHKqtCNTZYi4i2pCQtXEJxW44G1vv1CKawWwGmuucN2RaLbpiTnJtW35N5yWkqfga3avf,2b2N2p7xCS9ibDqxwYgXpDSTniJwwye7n93WYuzmr74s,create,CTGb83GUcTKYroZX2mdz1YcNhsCLdcnnJ7VApSuTvAbC,14,CTGb83GUcTKYroZX2mdz1YcNhsCLdcnnJ7VApSuTvAbC(W)|TSLvdd1pWpHVjahSpsvCXUbgwsL3JAcvokwaKt1eokM(R)|BYcKiAWgW7vvFQMav4QJ3YKCAcX4az7KLkx2LV8SbA5Y(W)|2Tw6pmMu2t2xwF28D2iv1dNo9BHnYMmZDMYod4zAH3zU(W)|4wTV1YmiEkRvAtNtsSGPtUrqRYQMe5SKy2uB4Jjaxnjf(R)|metaqbxxUerdq28cj1RbAWkYQm3ybzjb6a8bt518x1s(R)|HvNLQ1Z8ZxvemZ2pEj7fWN63roSLzTNh7voA4kVSdAxE(W)|2b2N2p7xCS9ibDqxwYgXpDSTniJwwye7n93WYuzmr74s(W)|11111111111111111111111111111111(R)|TokenkegQfeZyiNwAJbNbGKPFXCWuBvf9Ss623VQ5DA(W)|ATokenGPvbdGVxr1b2hvZbsiqW5xWH25efTNsLJA8knL(R)|SysvarRent111111111111111111111111111111111(R)|Ce6TQqeHC9p8KetsN6JsjHK7UTZk7nasjjnr7XxXp9F1(R)|6EF8rrecthR5Dkzon8Nwu78hRvfCKubJ14M5uBEwF6P(R)
2025-06-05T20:07:49Z,2025-06-05T17:20:33Z,2RedcsGvhXiuiMYu9U8cBkH7W1o3mrmkikuHaFfNQgqBSJxfZohYag5DYPEpZwcnSJ9EADiJyaF3jACRy7wbApMN,BwaVFCDJ4HfRfFWq1S23LHkk5VF4GKEw9oz7F1PxgcHv,create,9ppLgVc34x2hGT1yvTFrCbZDvAcfTmkvNLhaULxvKNAt,14,9ppLgVc34x2hGT1yvTFrCbZDvAcfTmkvNLhaULxvKNAt(W)|TSLvdd1pWpHVjahSpsvCXUbgwsL3JAcvokwaKt1eokM(R)|GhntUZ1taU6NmYewhxhuTfC67AeUvh4cHEMy8fMe3Ufc(W)|2a7rXZS4mCaAEMwpcpTLyiUWSEmuTi5PZGDNpvKa14CR(W)|4wTV1YmiEkRvAtNtsSGPtUrqRYQMe5SKy2uB4Jjaxnjf(R)|metaqbxxUerdq28cj1RbAWkYQm3ybzjb6a8bt518x1s(R)|HAN91PK9UjRLYgDq2u5nq7jv5vFs7VznY2EwuvjAymij(W)|7z2hL6wBvr3SKPCe5mPxvQdj2nPS7VWL148nviwXeXDC(W)|11111111111111111111111111111111(R)|TokenkegQfeZyiNwAJbNbGKPFXCWuBvf9Ss623VQ5DA(R)|ATokenGPvbdGVxr1b2hvZbsiqW5xWH25efTNsLJA8knL(R)|SysvarRent111111111111111111111111111111111(R)|Ce6TQqeHC9p8KetsN6JsjHK7UTZk7nasjjnr7XxXp9F1(R)|6EF8rrecthR5Dkzon8Nwu78hRvfCKubJ14M5uBEwF6P(R)
2025-06-05T20:11:17Z,2025-06-05T17:20:38Z,4ty9KqswZceTYsodqCxnPmzbtco4ksFXvjeTRrvMEwENuqFvkgyy2cRjQZGpjuk1zVEAzCWmsKs3h2roXLdAZpCW,58EZnkcSZKCF1LftbVwqt4Vg7HYtQh6kSH2j8QbWmPjK,create,47VfiZqBzLCjJ5Gn79gLiogipzeJVF9ryGjkZwYcpump,14,47VfiZqBzLCjJ5Gn79gLiogipzeJVF9ryGjkZwYcpump(W)|TSLvdd1pWpHVjahSpsvCXUbgwsL3JAcvokwaKt1eokM(R)|8AsS5c9AmTT9js5R5FHNxkGUrLMcAoR7btRVM3dpUp61(W)|37FNPLZPLGdiHgZJJbZLbdeJjNJKzPFvsnq4REwoHSo7(W)|4wTV1YmiEkRvAtNtsSGPtUrqRYQMe5SKy2uB4Jjaxnjf(R)|metaqbxxUerdq28cj1RbAWkYQm3ybzjb6a8bt518x1s(R)|98M27woFbUkDS4heqKaCMav7vaYXBy7L7YjdbyX8CSUZ(W)|58EZnkcSZKCF1LftbVwqt4Vg7HYtQh6kSH2j8QbWmPjK(W)|11111111111111111111111111111111(R)|TokenkegQfeZyiNwAJbNbGKPFXCWuBvf9Ss623VQ5DA(R)|ATokenGPvbdGVxr1b2hvZbsiqW5xWH25efTNsLJA8knL(R)|SysvarRent111111111111111111111111111111111(R)|Ce6TQqeHC9p8KetsN6JsjHK7UTZk7nasjjnr7XxXp9F1(R)|6EF8rrecthR5Dkzon8Nwu78hRvfCKubJ14M5uBEwF6P(R)
2025-06-05T20:11:17Z,2025-06-05T17:20:38Z,65Xw3LUpbgtu6zseeNaHuUb2jzhwRrYVVXomMTn9x9A6gFtXknB9kzJMXxvHa8NbCbraXCG751EHrnBSCf1P2o5b,2XciV4bdSW1qc9boaGHKxHrDyj4hQN6XVctDfZmjrca8,create,Ay44q17QPwb5crDHGJ2oXKV1e4JAosy81vhsbLafpump,14,Ay44q17QPwb5crDHGJ2oXKV1e4JAosy81vhsbLafpump(W)|TSLvdd1pWpHVjahSpsvCXUbgwsL3JAcvokwaKt1eokM(R)|AJ8KxY9wjRzT9Po521hkGp8buKKQaS6QrZwsZ5jZUu9N(W)|3G71aBu7Pf8bRDEymixuesGJJWH6ZkzEVJ7vnhTiiH1f(W)|4wTV1YmiEkRvAtNtsSGPtUrqRYQMe5SKy2uB4Jjaxnjf(R)|metaqbxxUerdq28cj1RbAWkYQm3ybzjb6a8bt518x1s(R)|A745TXQLUm7HfU5bvNST5k67EQRiQYDJvVqqXQkpVzVj(W)|2XciV4bdSW1qc9boaGHKxHrDyj4hQN6XVctDfZmjrca8(W)|11111111111111111111111111111111(R)|TokenkegQfeZyiNwAJbNbGKPFXCWuBvf9Ss623VQ5DA(R)|ATokenGPvbdGVxr1b2hvZbsiqW5xWH25efTNsLJA8knL(R)|SysvarRent111111111111111111111111111111111(R)|Ce6TQqeHC9p8KetsN6JsjHK7UTZk7nasjjnr7XxXp9F1(R)|6EF8rrecthR5Dkzon8Nwu78hRvfCKubJ14M5uBEwF6P(R)
2025-06-05T20:19:38Z,2025-06-05T17:20:50Z,d3rVG41yaR5iS3dnb71ppcTW7XbkAAxa3UZX9p7Bh6zH7jWzJa8dCRoDFd9tRFr5rYCJsciK6hx7MKM9VxSmb7E,ErvXUnneyKSTKTWm6AXJ6WHZmJWT5LYVtvP1yKEuHHum,create,FQV5zqT36Qx8fzLjJZurXSPPVaYSBdmLkj5AKk6DfYYR,14,FQV5zqT36Qx8fzLjJZurXSPPVaYSBdmLkj5AKk6DfYYR(W)|TSLvdd1pWpHVjahSpsvCXUbgwsL3JAcvokwaKt1eokM(R)|7y6swsGaUT2RAd12vbERsHnNvJoLoDRmcNWkckwaAsiC(W)|FjLHuQVgm5BF719x28YbMyk9PbWnPAikU3iceNHZtSP5(W)|4wTV1YmiEkRvAtNtsSGPtUrqRYQMe5SKy2uB4Jjaxnjf(R)|metaqbxxUerdq28cj1RbAWkYQm3ybzjb6a8bt518x1s(R)|HbY2EVgdP5Z6s5RnjYZd872wMHkUbo8XTFJtFbyFybLc(W)|ErvXUnneyKSTKTWm6AXJ6WHZmJWT5LYVtvP1yKEuHHum(W)|11111111111111111111111111111111(R)|TokenkegQfeZyiNwAJbNbGKPFXCWuBvf9Ss623VQ5DA(W)|ATokenGPvbdGVxr1b2hvZbsiqW5xWH25efTNsLJA8knL(R)|SysvarRent111111111111111111111111111111111(R)|Ce6TQqeHC9p8KetsN6JsjHK7UTZk7nasjjnr7XxXp9F1(R)|6EF8rrecthR5Dkzon8Nwu78hRvfCKubJ14M5uBEwF6P(R)
